{
    "mission_definition": {
        "tasks": [
            {
                "type": "inspection",
                "pose": {
                    "position": {
                        "x": 0,
                        "y": 0,
                        "z": 0,
                        "frame_name": "robot"
                    },
                    "orientation": {
                        "x": 0,
                        "y": 0,
                        "z": 0,
                        "w": 0,
                        "frame_name": "robot"
                    },
                    "frame_name": "robot"
                },
                "inspections": {
                    "inspection_target": {
                        "frame": "robot",
                        "x": -114.120002746582,
                        "y": 30.3908996582031,
                        "z": 308.690002441406
                    }
                },
                "pose": {
                    "orientation": {
                        "frame": "asset",
                        "w": 0.612832903862,
                        "x": 0.180266559123993,
                        "y": -0.76937627792358,
                        "z": 0
                    },
                    "position": {
                        "frame": "asset",
                        "x": -118.093070983887,
                        "y": 29.4600009918213,
                        "z": 307.641448974609
                    }
                }
            },
            {
                "inspections": {
                    "inspection_target": {
                        "frame": "robot",
                        "x": -116.272003173828,
                        "y": 30.5722999572754,
                        "z": 305.864013671875
                    }
                },
                "pose": {
                    "orientation": {
                        "frame": "asset",
                        "w": 0.905541956424713,
                        "x": 0.221145287156105,
                        "y": -0.36206144094467,
                        "z": 0
                    },
                    "position": {
                        "frame": "asset",
                        "x": -118.093070983887,
                        "y": 29.4600009918213,
                        "z": 307.641448974609
                    }
                }
            },
            {
                "inspections": {
                    "inspection_target": {
                        "frame": "robot",
                        "x": -115.793998718262,
                        "y": 31.1648998260498,
                        "z": 305.774993896484
                    }
                },
                "pose": {
                    "orientation": {
                        "frame": "asset",
                        "w": 0.879267334938049,
                        "x": 0.283726155757904,
                        "y": -0.38260743021965,
                        "z": 0
                    },
                    "position": {
                        "frame": "asset",
                        "x": -118.093070983887,
                        "y": 29.4600009918213,
                        "z": 307.641448974609
                    }
                }
            },
            {
                "inspections": {
                    "inspection_target": {
                        "frame": "robot",
                        "x": -117.985000610352,
                        "y": 31.1467990875244,
                        "z": 304.704010009766
                    }
                },
                "pose": {
                    "orientation": {
                        "frame": "asset",
                        "w": 0.135530591011047,
                        "x": 0.988745391368866,
                        "y": -0.06334728747606,
                        "z": 0
                    },
                    "position": {
                        "frame": "asset",
                        "x": -118.093070983887,
                        "y": 29.4600009918213,
                        "z": 298.641448974609
                    }
                }
            }
        ]
    }
}